{
	"IcoMoonType": "selection",
	"icons": [
		{
			"icon": {
				"paths": [
					"M214 470h596l-64-192h-468zM746 682q26 0 45-19t19-45-19-45-45-19-45 19-19 45 19 45 45 19zM278 682q26 0 45-19t19-45-19-45-45-19-45 19-19 45 19 45 45 19zM808 256l88 256v342q0 18-12 30t-30 12h-44q-18 0-30-12t-12-30v-44h-512v44q0 18-12 30t-30 12h-44q-18 0-30-12t-12-30v-342l88-256q12-42 62-42h468q50 0 62 42z"
				],
				"attrs": [],
				"isMulticolor": false,
				"tags": [
					"directions_car"
				],
				"defaultCode": 58673,
				"grid": 24
			},
			"attrs": [],
			"properties": {
				"order": 1,
				"ligatures": "directions_car",
				"prevSize": 24,
				"name": "directions_car",
				"id": 498,
				"code": 58673
			},
			"setIdx": 0,
			"setId": 2,
			"iconIdx": 498
		}
	],
	"height": 1024,
	"metadata": {
		"name": "icomoon"
	},
	"preferences": {
		"showGlyphs": true,
		"showQuickUse": true,
		"showQuickUse2": true,
		"showSVGs": true,
		"fontPref": {
			"prefix": "icon-",
			"metadata": {
				"fontFamily": "icomoon"
			},
			"metrics": {
				"emSize": 1024,
				"baseline": 6.25,
				"whitespace": 50
			},
			"embed": false
		},
		"imagePref": {
			"prefix": "icon-",
			"png": true,
			"useClassSelector": true,
			"color": 4473924,
			"bgColor": 16777215,
			"classSelector": ".icon"
		},
		"historySize": 100,
		"showCodes": true,
		"gridSize": 16
	}
}